texte_normalise,texte,categorie_id,categorie_label
déclaration du gouvernement,déclaration du Gouvernement,vie_politique_procedure,Vie politique & procédure institutionnelle
motion de censure,motion de censure,vie_politique_procedure,Vie politique & procédure institutionnelle
projet de loi actualisant la programmation militaire pour les années 2024 à 2030 et portant diverses dispositions intéressant la défense,projet de loi actualisant la programmation militaire pour les années 2024 à 2030 et portant diverses dispositions intéressant la défense,defense_europe_affaires_etrangeres,"Défense, Europe & affaires étrangères"
projet de loi autorisant l'approbation de la convention de coopération judiciaire internationale entre le gouvernement de la république française et l'organisation des nations unies représentée par le mécanisme d'enquête indépendant pour le myanmar,projet de loi autorisant l'approbation de la convention de coopération judiciaire internationale entre le Gouvernement de la République française et l'Organisation des Nations unies représentée par le Mécanisme d'enquête indépendant pour le Myanmar,defense_europe_affaires_etrangeres,"Défense, Europe & affaires étrangères"
"projet de loi autorisant la ratification de la convention n° 155 sur la sécurité et la santé des travailleurs, 1981","projet de loi autorisant la ratification de la convention n° 155 sur la sécurité et la santé des travailleurs, 1981",travail_economie_entreprises,"Travail, économie & entreprises"
projet de loi autorisant la ratification de la résolution lp.3 (4) portant amendement de l'article 6 du protocole de londres de 1966 à la convention de 1972 sur la prévention de la pollution des mers résultant de l'immersion de déchets et autres matières,projet de loi autorisant la ratification de la résolution LP.3 (4) portant amendement de l'article 6 du Protocole de Londres de 1966 à la Convention de 1972 sur la prévention de la pollution des mers résultant de l'immersion de déchets et autres matières,ecologie_energie_climat,"Écologie, énergie & climat"
projet de loi autorisant la ratification de la résolution lp.3(4) portant amendement de l'article 6 du protocole de londres de 1996 à la convention de 1972 sur la prévention de la pollution des mers résultant de l'immersion de déchets et autres matières,projet de loi autorisant la ratification de la résolution LP.3(4) portant amendement de l’article 6 du Protocole de Londres de 1996 à la Convention de 1972 sur la prévention de la pollution des mers résultant de l’immersion de déchets et autres matières,defense_europe_affaires_etrangeres,"Défense, Europe & affaires étrangères"
projet de loi autorisant la ratification du traité sur la coopération dans le domaine de la défense entre la république française et le royaume d'espagne,projet de loi autorisant la ratification du traité sur la coopération dans le domaine de la défense entre la République française et le Royaume d'Espagne,defense_europe_affaires_etrangeres,"Défense, Europe & affaires étrangères"
projet de loi constitutionnelle pour une corse autonome au sein de la république,projet de loi constitutionnelle pour une Corse autonome au sein de la République,institutions_collectivites_outre_mer,"Institutions, collectivités & outre-mer"
projet de loi constitutionnelle relatif à la nouvelle-calédonie,projet de loi constitutionnelle relatif à la Nouvelle-Calédonie,institutions_collectivites_outre_mer,"Institutions, collectivités & outre-mer"
projet de loi d'approbation des comptes de la sécurité sociale de l'année 2023,projet de loi d'approbation des comptes de la sécurité sociale de l'année 2023,finances_fiscalite,Finances publiques & fiscalité
projet de loi d'orientation pour la souveraineté alimentaire et agricole et le renouvellement des générations en agriculture,projet de loi d'orientation pour la souveraineté alimentaire et agricole et le renouvellement des générations en agriculture,agriculture_alimentation,Agriculture & alimentation
projet de loi d'urgence pour la protection et la souveraineté agricoles,projet de loi d'urgence pour la protection et la souveraineté agricoles,agriculture_alimentation,Agriculture & alimentation
projet de loi d'urgence pour mayotte,projet de loi d'urgence pour Mayotte,institutions_collectivites_outre_mer,"Institutions, collectivités & outre-mer"
projet de loi de fin de gestion pour 2025,projet de loi de fin de gestion pour 2025,finances_fiscalite,Finances publiques & fiscalité
projet de loi de financement de la sécurité sociale pour 2025,projet de loi de financement de la sécurité sociale pour 2025,finances_fiscalite,Finances publiques & fiscalité
projet de loi de financement de la sécurité sociale pour 2026,projet de loi de financement de la sécurité sociale pour 2026,finances_fiscalite,Finances publiques & fiscalité
projet de loi de finances de fin de gestion pour 2024,projet de loi de finances de fin de gestion pour 2024,finances_fiscalite,Finances publiques & fiscalité
projet de loi de finances de fin de gestion pour 2025,projet de loi de finances de fin de gestion pour 2025,finances_fiscalite,Finances publiques & fiscalité
projet de loi de finances de fin des gestion pour 2024,projet de loi de finances de fin des gestion pour 2024,finances_fiscalite,Finances publiques & fiscalité
projet de loi de finances pour 2025,projet de loi de finances pour 2025,finances_fiscalite,Finances publiques & fiscalité
projet de loi de finances pour 2026,projet de loi de finances pour 2026,finances_fiscalite,Finances publiques & fiscalité
projet de loi de programmation pour la refondation de mayotte,projet de loi de programmation pour la refondation de Mayotte,institutions_collectivites_outre_mer,"Institutions, collectivités & outre-mer"
projet de loi de simplification de la vie économique,projet de loi de simplification de la vie économique,travail_economie_entreprises,"Travail, économie & entreprises"
projet de loi organique relatif au département-région de mayotte,projet de loi organique relatif au Département-Région de Mayotte,institutions_collectivites_outre_mer,"Institutions, collectivités & outre-mer"
projet de loi organique relatif au renforcement des juridictions criminelles,projet de loi organique relatif au renforcement des juridictions criminelles,securite_justice_ordre_public,"Sécurité, justice & ordre public"
projet de loi portant approbation des comptes de la sécurité sociale de l'année 2024,projet de loi portant approbation des comptes de la sécurité sociale de l'année 2024,finances_fiscalite,Finances publiques & fiscalité
projet de loi portant approbation des comptes de la sécurité sociale de l'année 2025,projet de loi portant approbation des comptes de la sécurité sociale de l'année 2025,finances_fiscalite,Finances publiques & fiscalité
projet de loi portant création de l'établissement public du commerce et de l'industrie de corse,projet de loi portant création de l'établissement public du commerce et de l'industrie de Corse,travail_economie_entreprises,"Travail, économie & entreprises"
"projet de loi portant diverses dispositions d'adaptation au droit de l'union européenne en matière économique, financière, environnementale, énergétique, de santé et de circulation des personnes","projet de loi portant diverses dispositions d'adaptation au droit de l'Union européenne en matière économique, financière, environnementale, énergétique, de santé et de circulation des personnes",defense_europe_affaires_etrangeres,"Défense, Europe & affaires étrangères"
"projet de loi portant diverses dispositions d'adaptation au droit de l'union européenne en matière économique, financière, environnementale, énergétique, de transport, de santé et de circulation des personnes","projet de loi portant diverses dispositions d'adaptation au droit de l'Union européenne en matière économique, financière, environnementale, énergétique, de transport, de santé et de circulation des personnes",defense_europe_affaires_etrangeres,"Défense, Europe & affaires étrangères"
"projet de loi portant habilitation de l'assemblée de martinique à fixer des règles applicables sur son territoire en application de l'article 73 de la constitution en matière d'énergie, d'eau et d'assainissement","projet de loi portant habilitation de l'assemblée de Martinique à fixer des règles applicables sur son territoire en application de l'article 73 de la Constitution en matière d'énergie, d'eau et d'assainissement",institutions_collectivites_outre_mer,"Institutions, collectivités & outre-mer"
projet de loi portant transposition de l'avenant n° 3 du 25 février 2026 au protocole d'accord du 10 novembre 2023 relatif à l'assurance chômage,projet de loi portant transposition de l'avenant n° 3 du 25 février 2026 au protocole d'accord du 10 novembre 2023 relatif à l'assurance chômage,travail_economie_entreprises,"Travail, économie & entreprises"
projet de loi portant transposition des accords nationaux interprofessionnels en faveur de l'emploi des salariés expérimentés et relatif à l'évolution du dialogue social,projet de loi portant transposition des accords nationaux interprofessionnels en faveur de l'emploi des salariés expérimentés et relatif à l'évolution du dialogue social,travail_economie_entreprises,"Travail, économie & entreprises"
projet de loi relatif au transfert à l'etat des personnels enseignants de l'enseignement du premier degré dans les îles wallis et futuna,projet de loi relatif au transfert à l’Etat des personnels enseignants de l’enseignement du premier degré dans les îles Wallis et Futuna,education_enfance_jeunesse,"Éducation, enfance & jeunesse"
projet de loi relatif aux résultats de la gestion et portant approbation des comptes de l'année 2023,projet de loi relatif aux résultats de la gestion et portant approbation des comptes de l'année 2023,finances_fiscalite,Finances publiques & fiscalité
projet de loi relatif à l'organisation des jeux olympiques et paralympiques de 2030,projet de loi relatif à l'organisation des jeux Olympiques et Paralympiques de 2030,autre,Autre / non classé
projet de loi relatif à la lutte contre les fraudes sociales et fiscales,projet de loi relatif à la lutte contre les fraudes sociales et fiscales,finances_fiscalite,Finances publiques & fiscalité
projet de loi relatif à la protection des enfants,projet de loi relatif à la protection des enfants,education_enfance_jeunesse,"Éducation, enfance & jeunesse"
projet de loi relatif à la restitution de biens culturels ayant fait l'objet d'une appropriation illicite,projet de loi relatif à la restitution de biens culturels ayant fait l'objet d'une appropriation illicite,numerique_medias_culture,"Numérique, médias & culture"
"projet de loi relatif à la restitution de biens culturels provenant d'états qui, du fait d'une appropriation illicite, en ont été privés","projet de loi relatif à la restitution de biens culturels provenant d’États qui, du fait d’une appropriation illicite, en ont été privés",numerique_medias_culture,"Numérique, médias & culture"
projet de loi relative aux résultats de la gestion et portant approbation des comptes de l'année 2024,projet de loi relative aux résultats de la gestion et portant approbation des comptes de l'année 2024,finances_fiscalite,Finances publiques & fiscalité
projet de loi relative aux résultats de la gestion et portant approbation des comptes de l'année 2025,projet de loi relative aux résultats de la gestion et portant approbation des comptes de l'année 2025,finances_fiscalite,Finances publiques & fiscalité
projet de loi relative à l'organisation des jeux olympiques et paralympiques de 2030,projet de loi relative à l'organisation des jeux Olympiques et Paralympiques de 2030,autre,Autre / non classé
projet de loi spéciale prévue par l'article 45 de la loi organique du 1er août 2001 relative aux lois de finances,projet de loi spéciale prévue par l'article 45 de la loi organique du 1er août 2001 relative aux lois de finances,finances_fiscalite,Finances publiques & fiscalité
projet de loi sur la justice criminelle et le respect des victimes,projet de loi sur la justice criminelle et le respect des victimes,securite_justice_ordre_public,"Sécurité, justice & ordre public"
"projet de loi visant à offrir des réponses immédiates aux phénomènes troublant l'ordre public, la sécurité et la tranquilité de nos concitoyens","projet de loi visant à offrir des réponses immédiates aux phénomènes troublant l'ordre public, la sécurité et la tranquilité de nos concitoyens",securite_justice_ordre_public,"Sécurité, justice & ordre public"
"projet de loi visant à offrir des réponses immédiates aux phénomènes troublant l'ordre public, la sécurité et la tranquillité de nos concitoyens","projet de loi visant à offrir des réponses immédiates aux phénomènes troublant l'ordre public, la sécurité et la tranquillité de nos concitoyens",securite_justice_ordre_public,"Sécurité, justice & ordre public"
proposition de loi améliorant la protection des personnes ciblées par les réseaux de criminalité organisée,proposition de loi améliorant la protection des personnes ciblées par les réseaux de criminalité organisée,securite_justice_ordre_public,"Sécurité, justice & ordre public"
proposition de loi appelant à élever alfred dreyfus au grade de général de brigade,proposition de loi appelant à élever Alfred Dreyfus au grade de général de brigade,defense_europe_affaires_etrangeres,"Défense, Europe & affaires étrangères"
proposition de loi autorisant la ratification du traité de coopération en matière de défense entre la république française et la république de djibouti,proposition de loi autorisant la ratification du Traité de coopération en matière de défense entre la République française et la République de Djibouti,defense_europe_affaires_etrangeres,"Défense, Europe & affaires étrangères"
proposition de loi contre les fraudes aux moyens de paiement scripturaux,proposition de loi contre les fraudes aux moyens de paiement scripturaux,securite_justice_ordre_public,"Sécurité, justice & ordre public"
proposition de loi contre toutes les fraudes aux aides publiques,proposition de loi contre toutes les fraudes aux aides publiques,finances_fiscalite,Finances publiques & fiscalité
proposition de loi créant l'homicide routier et visant à lutter contre la violence routière,proposition de loi créant l'homicide routier et visant à lutter contre la violence routière,securite_justice_ordre_public,"Sécurité, justice & ordre public"
proposition de loi créant une dérogation à la participation minimale pour la maîtrise d'ouvrage pour les communes rurales,proposition de loi créant une dérogation à la participation minimale pour la maîtrise d'ouvrage  pour les communes rurales,institutions_collectivites_outre_mer,"Institutions, collectivités & outre-mer"
proposition de loi d'abrogation de la retraite à 64 ans,proposition de loi d'abrogation de la retraite à 64 ans,solidarites_droits_sociaux,Solidarités & droits sociaux
proposition de loi d'expérimentation pour l'instauration d'un enseignement d'éducation à l'alimentation obligatoire à l'école,proposition de loi d'expérimentation pour l'instauration d'un enseignement d'éducation à l'alimentation obligatoire à l'école,education_enfance_jeunesse,"Éducation, enfance & jeunesse"
proposition de loi de simplification du droit de l'urbanisme et du logement,proposition de loi de simplification du droit de l'urbanisme et du logement,logement_urbanisme,Logement & urbanisme
proposition de loi de ssimplification du droit de l'urbanisme et du logement,proposition de loi de ssimplification du droit de l'urbanisme et du logement,logement_urbanisme,Logement & urbanisme
proposition de loi expérimentant l'encadrement des loyers et améliorant l'habitat dans les outre-mer,proposition de loi expérimentant l'encadrement des loyers et améliorant l'habitat dans les outre-mer,logement_urbanisme,Logement & urbanisme
proposition de loi facilitant l'exercice en france des médecins diplômés au royaume-uni avant le brexit,proposition de loi facilitant l'exercice en France des médecins diplômés au Royaume-Uni avant le Brexit,sante_fin_de_vie,Santé & fin de vie
proposition de loi facilitant l'exercice en france des médecins diplômés au royaume-uni ayant débuté leurs études avant le brexit,proposition de loi facilitant l'exercice en France des médecins diplômés au Royaume-Uni ayant débuté leurs études avant le Brexit,sante_fin_de_vie,Santé & fin de vie
proposition de loi instaurant des réponses adaptées et proportionnées pour prévenir notamment le développement des vignes non cultivées,proposition de loi instaurant des réponses adaptées et proportionnées pour prévenir notamment le développement des vignes non cultivées,agriculture_alimentation,Agriculture & alimentation
proposition de loi instaurant un impôt plancher de 2 % sur le patrimoine des ultra riches,proposition de loi instaurant un impôt plancher de 2 % sur le patrimoine des ultra riches,finances_fiscalite,Finances publiques & fiscalité
proposition de loi modifiant la définition pénale du viol et des agressions sexuelles,proposition de loi modifiant la définition pénale du viol et des agressions sexuelles,securite_justice_ordre_public,"Sécurité, justice & ordre public"
proposition de loi organique fixant le statut du procureur de la république anti-criminalité organisée,proposition de loi organique fixant le statut du procureur de la République anti-criminalité organisée,securite_justice_ordre_public,"Sécurité, justice & ordre public"
proposition de loi organique fixant le statut du procureur de la république national anti-criminalité organisée,proposition de loi organique fixant le statut du procureur de la République national anti-criminalité organisée,securite_justice_ordre_public,"Sécurité, justice & ordre public"
proposition de loi organique fixant le statut du procureur national anti-stupéfiants,proposition de loi organique fixant le statut du procureur national anti-stupéfiants,securite_justice_ordre_public,"Sécurité, justice & ordre public"
proposition de loi organique portant réforme du financement de l'audiovisuel public,proposition de loi organique portant réforme du financement de l'audiovisuel public,numerique_medias_culture,"Numérique, médias & culture"
proposition de loi organique portant régularisation des natifs dans le corps électoral pour les élections au congrès et aux assemblées de province de nouvelle-calédonie,proposition de loi organique portant régularisation des natifs dans le corps électoral pour les élections au congrès et aux assemblées de province de Nouvelle-Calédonie,institutions_collectivites_outre_mer,"Institutions, collectivités & outre-mer"
proposition de loi organique tendant à modifier le ii de l'article 43 de la loi organique n° 2004-192 du 27 février 2004 portant statut d'autonomie de la polynésie française,proposition de loi organique tendant à modifier le II de l’article 43 de la loi organique n° 2004-192 du 27 février 2004 portant statut d’autonomie de la Polynésie française,institutions_collectivites_outre_mer,"Institutions, collectivités & outre-mer"
"proposition de loi organique visant à harmoniser le mode de scrutin aux élections municipales afin de garantir la vitalité démocratique, la cohésion municipale et la parité","proposition de loi organique visant à harmoniser le mode de scrutin aux élections municipales afin de garantir la vitalité démocratique, la cohésion municipale et la parité",institutions_collectivites_outre_mer,"Institutions, collectivités & outre-mer"
proposition de loi organique visant à reporter le renouvellement général des membres du congrès et des assemblées de province de la nouvelle-calédonie,proposition de loi organique visant à reporter le renouvellement général des membres du congrès et des assemblées de province de la Nouvelle-Calédonie,institutions_collectivites_outre_mer,"Institutions, collectivités & outre-mer"
proposition de loi organique visant à reporter le renouvellement général des membres du congrès et des assemblées de province de la nouvelle-calédonie afin de permettre la poursuite de la discussion en vue d'un accord consensuel sur l'avenir institutionnel de la nouvelle-calédonie,proposition de loi organique visant à reporter le renouvellement général des membres du congrès et des assemblées de province de la Nouvelle-Calédonie afin de permettre la poursuite de la discussion en vue d'un accord consensuel sur l'avenir institutionnel de la Nouvelle-Calédonie,institutions_collectivites_outre_mer,"Institutions, collectivités & outre-mer"
proposition de loi organique visant à reporter le renouvellement général des membres du congrès et des assemblées de province de la nouvelle-calédonie pour permettre la mise en oeuvre de l'accord du 12 juillet 2025,proposition de loi organique visant à reporter le renouvellement général des membres du congrès et des assemblées de province de la Nouvelle-Calédonie pour permettre la mise en œuvre de l'accord du 12 juillet 2025,institutions_collectivites_outre_mer,"Institutions, collectivités & outre-mer"
"proposition de loi permettant aux salariés de participer aux collectes de sang, de plaquettes ou de plasma sur leur temps de travail","proposition de loi permettant aux salariés de participer aux collectes de sang, de plaquettes ou de plasma sur leur temps de travail",sante_fin_de_vie,Santé & fin de vie
proposition de loi portant abrogation du « code noir »,proposition de loi portant abrogation du « code noir »,institutions_collectivites_outre_mer,"Institutions, collectivités & outre-mer"
proposition de loi portant création d'un statut de l'élu local,proposition de loi portant création d'un statut de l'élu local,institutions_collectivites_outre_mer,"Institutions, collectivités & outre-mer"
proposition de loi portant plusieurs mesures de justice en faveur de la revalorisation des pensions de retraites agricoles,proposition de loi portant plusieurs mesures de justice en faveur de la revalorisation des pensions de retraites agricoles,solidarites_droits_sociaux,Solidarités & droits sociaux
proposition de loi portant plusieurs mesures pour limiter les frais bancaires,proposition de loi portant plusieurs mesures pour limiter les frais bancaires,finances_fiscalite,Finances publiques & fiscalité
proposition de loi portant programmation nationale pour l'énergie et le climat pour les années 2025 à 2035,proposition de loi portant programmation nationale pour l'énergie et le climat pour les années 2025 à 2035,ecologie_energie_climat,"Écologie, énergie & climat"
proposition de loi portant programmation nationale énergie et climat pour les années 2025 à 2035,proposition de loi portant programmation nationale énergie et climat pour les années 2025 à 2035,ecologie_energie_climat,"Écologie, énergie & climat"
proposition de loi portant pérennisation du contrat de professionnalisation expérimental,proposition de loi portant pérennisation du contrat de professionnalisation expérimental,travail_economie_entreprises,"Travail, économie & entreprises"
proposition de loi portant reconnaissance de la nation envers les rapatriés d'indochine et réparation des préjudices subis par ceux-ci et leurs familles du fait de l'indignité de leurs conditions d'accueil et de vie dans certaines structures sur le territoire français,proposition de loi portant reconnaissance de la Nation envers les rapatriés d'Indochine et réparation des préjudices subis par ceux-ci et leurs familles du fait de l'indignité de leurs conditions d'accueil et de vie dans certaines structures sur le territoire français,solidarites_droits_sociaux,Solidarités & droits sociaux
proposition de loi portant réparation des personnes condamnées pour homosexualité entre 1945 et 1982,proposition de loi portant réparation des personnes condamnées pour homosexualité entre 1945 et 1982,solidarites_droits_sociaux,Solidarités & droits sociaux
proposition de loi pour la mobilisation de l'habitat existant en réponse à la crise du logement,proposition de loi pour la mobilisation de l'habitat existant en réponse à la crise du logement,logement_urbanisme,Logement & urbanisme
proposition de loi pour protéger l'eau potable,proposition de loi pour protéger l'eau potable,ecologie_energie_climat,"Écologie, énergie & climat"
proposition de loi pour retrouver la confiance et l'équilibre dans les rapports locatifs,proposition de loi pour retrouver la confiance et l'équilibre dans les rapports locatifs,logement_urbanisme,Logement & urbanisme
proposition de loi pour un démarchage téléphonique consenti et une protection renforcée des consommateurs contre les abus,proposition de loi pour un démarchage téléphonique consenti et une protection renforcée des consommateurs contre les abus,travail_economie_entreprises,"Travail, économie & entreprises"
proposition de loi pour une montagne vivante et souveraine,proposition de loi pour une montagne vivante et souveraine,logement_urbanisme,Logement & urbanisme
proposition de loi prenant des mesures d'urgence pour protéger nos enfants accueillis en crèches privées à but lucratif,proposition de loi prenant des mesures d'urgence pour protéger nos enfants accueillis en crèches privées à but lucratif,education_enfance_jeunesse,"Éducation, enfance & jeunesse"
proposition de loi relative au droit de vote par correspondance des personnes détenues,proposition de loi relative au droit de vote par correspondance des personnes détenues,vie_politique_procedure,Vie politique & procédure institutionnelle
proposition de loi relative au droit à l'aide à mourir,proposition de loi relative au droit à l'aide à mourir,sante_fin_de_vie,Santé & fin de vie
proposition de loi relative au mode d'élection des membres du conseil de paris et des conseils municipaux de lyon et de marseille,proposition de loi relative au mode d'élection des membres du Conseil de Paris et des conseils municipaux de Lyon et de Marseille,institutions_collectivites_outre_mer,"Institutions, collectivités & outre-mer"
proposition de loi relative au renforcement de la sûreté dans les transports,proposition de loi relative au renforcement de la sûreté dans les transports,securite_justice_ordre_public,"Sécurité, justice & ordre public"
proposition de loi relative au renforcement de la sûreté dans les transports ( première lecture),proposition de loi relative au renforcement de la sûreté dans les transports ( première lecture),securite_justice_ordre_public,"Sécurité, justice & ordre public"
"proposition de loi relative aux missions des professionnels de santé, vétérinaires et psychothérapeutes des services d'incendie et de secours","proposition de loi relative aux missions des professionnels de santé, vétérinaires et psychothérapeutes des services d'incendie et de secours",sante_fin_de_vie,Santé & fin de vie
proposition de loi relative à l'accompagnement et aux soins palliatifs,proposition de loi relative à l'accompagnement et aux soins palliatifs,sante_fin_de_vie,Santé & fin de vie
proposition de loi relative à l'exercice de la démocratie agricole,proposition de loi relative à l'exercice de la démocratie agricole,agriculture_alimentation,Agriculture & alimentation
proposition de loi relative à l'intérêt des enfants,proposition de loi relative à l'intérêt des enfants,education_enfance_jeunesse,"Éducation, enfance & jeunesse"
proposition de loi relative à l'organisation et aux missions des personnels de santé professionnels et volontaires des services d'incendie et de secours,proposition de loi relative à l'organisation et aux missions des personnels de santé professionnels et volontaires des services d'incendie et de secours,sante_fin_de_vie,Santé & fin de vie
"proposition de loi relative à l'organisation et aux missions des professionnels de santé, vétérinaires, psychothérapeutes et psychologues professionnels et volontaires des services d'incendie et de secours","proposition de loi relative à l'organisation et aux missions des professionnels de santé, vétérinaires, psychothérapeutes et psychologues professionnels et volontaires des services d'incendie et de secours",sante_fin_de_vie,Santé & fin de vie
"proposition de loi relative à l'organisation, à la gestion et au financement du sport professionnel","proposition de loi relative à l'organisation, à la gestion et au financement du sport professionnel",autre,Autre / non classé
proposition de loi relative à l'établissement de l'égalité d'accès au service public postal en outre-mer,proposition de loi relative à l’établissement de l’égalité d’accès au service public postal en outre-mer,institutions_collectivites_outre_mer,"Institutions, collectivités & outre-mer"
proposition de loi relative à la gratuité des parkings d'hôpitaux publics,proposition de loi relative à la gratuité des parkings d'hôpitaux publics,sante_fin_de_vie,Santé & fin de vie
proposition de loi relative à la lutte contre l'antisémitisme dans l'enseignement supérieur,proposition de loi relative à la lutte contre l'antisémitisme dans l'enseignement supérieur,education_enfance_jeunesse,"Éducation, enfance & jeunesse"
"proposition de loi relative à la lutte contre l'antisémitisme, le racisme, les discriminations, les violences et la haine dans l'enseignement supérieur","proposition de loi relative à la lutte contre l'antisémitisme, le racisme, les discriminations, les violences et la haine dans l'enseignement supérieur",education_enfance_jeunesse,"Éducation, enfance & jeunesse"
proposition de loi relative à la protection sociale complémentaire des agents publics territoriaux,proposition de loi relative à la protection sociale complémentaire des agents publics territoriaux,solidarites_droits_sociaux,Solidarités & droits sociaux
proposition de loi relative à la raison impérative d'intérêt public majeur de la liaison autoroutière entre castres et toulouse,proposition de loi relative à la raison impérative d'intérêt public majeur de la liaison autoroutière entre Castres et Toulouse,logement_urbanisme,Logement & urbanisme
proposition de loi relative à la restitution d'un bien culturel à la république de côte d'ivoire,proposition de loi relative à la restitution d’un bien culturel à la République de Côte d’Ivoire,numerique_medias_culture,"Numérique, médias & culture"
proposition de loi relative à la réforme de l'audiovisuel public et à la souveraineté audiovisuelle,proposition de loi relative à la réforme de l'audiovisuel public et à la souveraineté audiovisuelle,numerique_medias_culture,"Numérique, médias & culture"
proposition de loi relative à la sortie des collections publiques de restes humains kali'nas et arawaks en vue de funérailles sur le territoire de la guyane,proposition de loi relative à la sortie des collections publiques de restes humains kali'nas et arawaks en vue de funérailles sur le territoire de la Guyane,numerique_medias_culture,"Numérique, médias & culture"
proposition de loi relative à la sûreté dans les transports,proposition de loi relative à la sûreté dans les transports,securite_justice_ordre_public,"Sécurité, justice & ordre public"
proposition de loi simplifiant l'ouverture des débits de boissons en zone rurale,proposition de loi simplifiant l'ouverture des débits de boissons en zone rurale,travail_economie_entreprises,"Travail, économie & entreprises"
proposition de loi sur la profession d'infirmier,proposition de loi sur la profession d'infirmier,sante_fin_de_vie,Santé & fin de vie
proposition de loi sur le remboursement intégral des fauteuils roulants par l'assurance maladie,proposition de loi sur le remboursement intégral des fauteuils roulants par l'Assurance maladie,solidarites_droits_sociaux,Solidarités & droits sociaux
proposition de loi visant au rétablissement du délit de séjour irrégulier,proposition de loi visant au rétablissement du délit de séjour irrégulier,securite_justice_ordre_public,"Sécurité, justice & ordre public"
proposition de loi visant à accorder le versement des allocations familiales dès le premier enfant,proposition de loi visant à accorder le versement des allocations familiales dès le premier enfant,solidarites_droits_sociaux,Solidarités & droits sociaux
proposition de loi visant à accélérer la prévention cardio-neuro-vasculaire et à anticiper un risque sanitaire et social majeur,proposition de loi visant à accélérer la prévention cardio-neuro-vasculaire et à anticiper un risque sanitaire et social majeur,sante_fin_de_vie,Santé & fin de vie
proposition de loi visant à accélérer le développement du transport maritime à propulsion vélique,proposition de loi visant à accélérer le développement du transport maritime à propulsion vélique,ecologie_energie_climat,"Écologie, énergie & climat"
proposition de loi visant à adapter le fonctionnement des instances de gouvernance des chambres d'agriculture et de la mutualité sociale agricole,proposition de loi visant à adapter le fonctionnement des instances de gouvernance des chambres d'agriculture et de la mutualité sociale agricole,agriculture_alimentation,Agriculture & alimentation
proposition de loi visant à améliorer l'accès au logement des travailleurs des services publics,proposition de loi visant à améliorer l'accès au logement des travailleurs des services publics,logement_urbanisme,Logement & urbanisme
proposition de loi visant à améliorer la prise en charge des soins et dispositifs spécifiques au traitement du cancer du sein par l'assurance maladie,proposition de loi visant à améliorer la prise en charge des soins et dispositifs spécifiques au traitement du cancer du sein par l'assurance maladie,sante_fin_de_vie,Santé & fin de vie
proposition de loi visant à améliorer la protection des commerçants grâce à l'usage d'outils numériques,proposition de loi visant à améliorer la protection des commerçants grâce à l'usage d'outils numériques,securite_justice_ordre_public,"Sécurité, justice & ordre public"
"proposition de loi visant à améliorer la protection et l'accompagnement des parents d'enfants atteints d'un cancer, d'une maladie grave ou d'un handicap","proposition de loi visant à améliorer la protection et l'accompagnement des parents d'enfants atteints d'un cancer, d'une maladie grave ou d'un handicap",solidarites_droits_sociaux,Solidarités & droits sociaux
proposition de loi visant à améliorer le traitement des maladies affectant les cultures végétales à l'aide d'aéronefs télépilotés,proposition de loi visant à améliorer le traitement des maladies affectant les cultures végétales à l'aide d'aéronefs télépilotés,agriculture_alimentation,Agriculture & alimentation
proposition de loi visant à améliorer les moyens d'action de l'agence de gestion et de recouvrement des avoirs saisis et confisqués et à faciliter l'exercice des missions d'expert judiciaire,proposition de loi visant à améliorer les moyens d'action de l'Agence de gestion et de recouvrement des avoirs saisis et confisqués et à faciliter l'exercice des missions d'expert judiciaire,securite_justice_ordre_public,"Sécurité, justice & ordre public"
"proposition de loi visant à assouplir la gestion des compétences ""eau"" et ""assainissement""","proposition de loi visant à assouplir la gestion des compétences ""eau"" et ""assainissement""",institutions_collectivites_outre_mer,"Institutions, collectivités & outre-mer"
proposition de loi visant à assouplir les conditions d'expulsion des étrangers constituant une menace grave pour l'ordre public,proposition de loi visant à assouplir les conditions d’expulsion des étrangers constituant une menace grave pour l’ordre public,securite_justice_ordre_public,"Sécurité, justice & ordre public"
proposition de loi visant à assurer le droit de chaque enfant à être assisté d'un avocat dans le cadre d'une mesure d'assistance éducative et de protection de l'enfance,proposition de loi visant à assurer le droit de chaque enfant à être assisté d'un avocat dans le cadre d'une mesure d'assistance éducative et de protection de l'enfance,education_enfance_jeunesse,"Éducation, enfance & jeunesse"
proposition de loi visant à convertir des centrales à charbon vers des combustibles moins émetteurs en dioxyde de carbone pour permettre une transition écologique plus juste socialement,proposition de loi visant à convertir des centrales à charbon vers des combustibles moins émetteurs en dioxyde de carbone pour permettre une transition écologique plus juste socialement,ecologie_energie_climat,"Écologie, énergie & climat"
proposition de loi visant à créer une croix de la valeur des sapeurs-pompiers volontaires et professionnels,proposition de loi visant à créer une croix de la valeur des sapeurs-pompiers volontaires et professionnels,securite_justice_ordre_public,"Sécurité, justice & ordre public"
proposition de loi visant à doter la france d'une stratégie nationale de lutte contre les maladies cardio-neuro-vasculaires,proposition de loi visant à doter la France d'une stratégie nationale de lutte contre les maladies cardio-neuro-vasculaires,sante_fin_de_vie,Santé & fin de vie
proposition de loi visant à empêcher la constitution de monopoles économiques dans le secteur des médias d'information,proposition de loi visant à empêcher la constitution de monopoles économiques dans le secteur des médias d’information,numerique_medias_culture,"Numérique, médias & culture"
proposition de loi visant à encadrer les regroupements pédagogiques intercommunaux afin de garantir l'égalité d'accès à l'école en milieu rural,proposition de loi visant à encadrer les regroupements pédagogiques intercommunaux afin de garantir l'égalité d'accès à l'école en milieu rural,education_enfance_jeunesse,"Éducation, enfance & jeunesse"
"proposition de loi visant à encourager, à faciliter et à sécuriser l'exercice du mandat d'élu local","proposition de loi visant à encourager, à faciliter et à sécuriser l'exercice du mandat d'élu local",institutions_collectivites_outre_mer,"Institutions, collectivités & outre-mer"
proposition de loi visant à endiguer le prolifération du frelon asiatique et à préserver la filière apicole,proposition de loi visant à endiguer le prolifération du frelon asiatique et à préserver la filière apicole,agriculture_alimentation,Agriculture & alimentation
"proposition de loi visant à exercer l'accès à l'emploi, à pérenniser et à étendre progressivement l'expérimentation « territoires zéro chômeur de longue durée » comme solution de retour à l'emploi pour les personnes privées durablement d'emploi","proposition de loi visant à exercer l’accès à l’emploi, à pérenniser et à étendre progressivement l’expérimentation « territoires zéro chômeur de longue durée » comme solution de retour à l’emploi pour les personnes privées durablement d’emploi",travail_economie_entreprises,"Travail, économie & entreprises"
proposition de loi visant à faciliter la transformation des bureaux et autres bâtiments en logements,proposition de loi visant à faciliter la transformation des bureaux et autres bâtiments en logements,logement_urbanisme,Logement & urbanisme
proposition de loi visant à faciliter le maintien en rétention des personnes condamnées pour des faits d'une particulière gravité et présentant de forts risques de récidive,proposition de loi visant à faciliter le maintien en rétention des personnes condamnées pour des faits d’une particulière gravité et présentant de forts risques de récidive,securite_justice_ordre_public,"Sécurité, justice & ordre public"
proposition de loi visant à faire exécuter les peines d'emprisonnement ferme,proposition de loi visant à faire exécuter les peines d’emprisonnement ferme,securite_justice_ordre_public,"Sécurité, justice & ordre public"
proposition de loi visant à garantir l'information et la protection effective des victimes de violences sexistes et sexuelles lors de la libération de leur agresseur,proposition de loi visant à garantir l'information et la protection effective des victimes de violences sexistes et sexuelles lors de la libération de leur agresseur,securite_justice_ordre_public,"Sécurité, justice & ordre public"
proposition de loi visant à garantir l'interdiction de la vaisselle en plastique dans la restauration collective accueillant du jeune public et liée à la petite enfance,proposition de loi visant à garantir l'interdiction de la vaisselle en plastique dans la restauration collective accueillant du jeune public et liée à la petite enfance,ecologie_energie_climat,"Écologie, énergie & climat"
proposition de loi visant à garantir l'égal accès de tous à l'accompagnement et aux soins palliatifs,proposition de loi visant à garantir l'égal accès de tous à l'accompagnement et aux soins palliatifs,sante_fin_de_vie,Santé & fin de vie
"proposition de loi visant à garantir la gratuité des parkings des hôpitaux publics pour les patients, les visiteurs et les personnels sur leur temps de travail","proposition de loi visant à garantir la gratuité des parkings des hôpitaux publics pour les patients, les visiteurs et les personnels sur leur temps de travail",sante_fin_de_vie,Santé & fin de vie
proposition de loi visant à garantir le bénéfice des prestations familiales aux enfants placés,proposition de loi visant à garantir le bénéfice des prestations familiales aux enfants placés,solidarites_droits_sociaux,Solidarités & droits sociaux
proposition de loi visant à garantir le droit de visite des parlementaires et des bâtonniers dans les lieux de privation de liberté,proposition de loi visant à garantir le droit de visite des parlementaires et des bâtonniers dans les lieux de privation de liberté,securite_justice_ordre_public,"Sécurité, justice & ordre public"
"proposition de loi visant à garantir un cadre fiscal stable, juste et lisible pour nos micro-entrepreneurs et nos petites entreprises","proposition de loi visant à garantir un cadre fiscal stable, juste et lisible pour nos micro-entrepreneurs et nos petites entreprises",finances_fiscalite,Finances publiques & fiscalité
proposition de loi visant à garantir un renouvellement automatique des titres de séjour de longue durée,proposition de loi visant à garantir un renouvellement automatique des titres de séjour de longue durée,securite_justice_ordre_public,"Sécurité, justice & ordre public"
"proposition de loi visant à harmoniser le mode de scrutin aux élections municipales afin de garantir la vitalité démocratique, la cohésion municipale et la parité","proposition de loi visant à harmoniser le mode de scrutin aux élections municipales afin de garantir la vitalité démocratique, la cohésion municipale et la parité",institutions_collectivites_outre_mer,"Institutions, collectivités & outre-mer"
proposition de loi visant à instaurer un dispositif de sanction contraventionnelle pour prévenir le développement des vignes non cultivées qui représentent une menace sanitaire pour l'ensemble du vignoble français,proposition de loi visant à instaurer un dispositif de sanction contraventionnelle pour prévenir le développement des vignes non cultivées qui représentent une menace sanitaire pour l'ensemble du vignoble français,agriculture_alimentation,Agriculture & alimentation
proposition de loi visant à instaurer une procédure simplifiée de recouvrement des créances commerciales incontestées,proposition de loi visant à instaurer une procédure simplifiée de recouvrement des créances commerciales incontestées,travail_economie_entreprises,"Travail, économie & entreprises"
proposition de loi visant à interdire les dispositifs électroniques de vapotage à usage unique,proposition de loi visant à interdire les dispositifs électroniques de vapotage à usage unique,sante_fin_de_vie,Santé & fin de vie
proposition de loi visant à interdire les sucres ajoutés dans les aliments destinés aux nourissons et aux enfants en bas âge,proposition de loi visant à interdire les sucres ajoutés dans les aliments destinés aux nourissons et aux enfants en bas âge,agriculture_alimentation,Agriculture & alimentation
proposition de loi visant à l'extension de la possibilité de préemption de baux commerciaux dans les mairies aux sociétés civiles immobilières,proposition de loi visant à l'extension de la possibilité de préemption de baux commerciaux dans les mairies aux sociétés civiles immobilières,logement_urbanisme,Logement & urbanisme
proposition de loi visant à la création d'un centre hospitalier universitaire en corse,proposition de loi visant à la création d'un centre hospitalier universitaire en Corse,sante_fin_de_vie,Santé & fin de vie
proposition de loi visant à la nationalisation d'arcelormittal france afin de préserver la souveraineté industrielle de la france,proposition de loi visant à la nationalisation d'ArcelorMittal France afin de préserver la souveraineté industrielle de la France,travail_economie_entreprises,"Travail, économie & entreprises"
"proposition de loi visant à lever dans les territoires d'outre-mer l'interdiction de recherche, d'exploration et d'exploitation des hydrocarbures","proposition de loi visant à lever dans les territoires d'outre-mer l'interdiction de recherche, d'exploration et d'exploitation des hydrocarbures",ecologie_energie_climat,"Écologie, énergie & climat"
proposition de loi visant à lever les contraintes à l'exercice du métier d'agriculteur,proposition de loi visant à lever les contraintes à l'exercice du métier d'agriculteur,agriculture_alimentation,Agriculture & alimentation
proposition de loi visant à lutter contre la disparition des terres agricoles et renforcer la régulation des prix du foncier agricole,proposition de loi visant à lutter contre la disparition des terres agricoles et renforcer la régulation des prix du foncier agricole,agriculture_alimentation,Agriculture & alimentation
proposition de loi visant à lutter contre la mortalité infantile,proposition de loi visant à lutter contre la mortalité infantile,sante_fin_de_vie,Santé & fin de vie
proposition de loi visant à lutter contre la pédocriminalité,proposition de loi visant à lutter contre la pédocriminalité,securite_justice_ordre_public,"Sécurité, justice & ordre public"
"proposition de loi visant à lutter contre les déserts médicaux, d'initiative transpartisane","proposition de loi visant à lutter contre les déserts médicaux, d'initiative transpartisane",sante_fin_de_vie,Santé & fin de vie
proposition de loi visant à lutter contre les fermetures abusives de comptes bancaires,proposition de loi visant à lutter contre les fermetures abusives de comptes bancaires,travail_economie_entreprises,"Travail, économie & entreprises"
proposition de loi visant à lutter contre les pannes d'ascenceur non prises en charge,proposition de loi visant à lutter contre les pannes d'ascenceur non prises en charge,logement_urbanisme,Logement & urbanisme
"proposition de loi visant à mettre en place un programme de soutien à l'innovation thérapeutique contre les cancers, les maladies rares et les maladies orphelines de l'enfant","proposition de loi visant à mettre en place un programme de soutien à l'innovation thérapeutique contre les cancers, les maladies rares et les maladies orphelines de l'enfant",sante_fin_de_vie,Santé & fin de vie
proposition de loi visant à mettre en place un registre national des cancers,proposition de loi visant à mettre en place un registre national des cancers,sante_fin_de_vie,Santé & fin de vie
proposition de loi visant à mettre fin au devoir conjugal,proposition de loi visant à mettre fin au devoir conjugal,securite_justice_ordre_public,"Sécurité, justice & ordre public"
proposition de loi visant à moderniser la gestion du patrimoine immobilier de l'état,proposition de loi visant à moderniser la gestion du patrimoine immobilier de l'État,finances_fiscalite,Finances publiques & fiscalité
proposition de loi visant à modifier la définition pénale du viol et des agressions sexuelles,proposition de loi visant à modifier la définition pénale du viol et des agressions sexuelles,securite_justice_ordre_public,"Sécurité, justice & ordre public"
"proposition de loi visant à optimiser la protection et l'accompagnement des parents d'enfants atteints de cancers, de maladies graves et de handicaps","proposition de loi visant à optimiser la protection et l'accompagnement des parents d'enfants atteints de cancers, de maladies graves et de handicaps",solidarites_droits_sociaux,Solidarités & droits sociaux
proposition de loi visant à permettre aux salariés de certains établissements et services de travailler le 1er mai,proposition de loi visant à permettre aux salariés de certains établissements et services de travailler le 1er mai,travail_economie_entreprises,"Travail, économie & entreprises"
proposition de loi visant à permettre l'élection du maire d'une commune nouvelle en cas de conseil municipal incomplet,proposition de loi visant à permettre l'élection du maire d'une commune nouvelle en cas de conseil municipal incomplet,institutions_collectivites_outre_mer,"Institutions, collectivités & outre-mer"
proposition de loi visant à permettre le remboursement des frais d'expertise comptable aux candidats,proposition de loi visant à permettre le remboursement des frais d'expertise comptable aux candidats,vie_politique_procedure,Vie politique & procédure institutionnelle
proposition de loi visant à prendre des mesures d'urgence contre la vie chère en outre-mer dans le secteur des services,proposition de loi visant à prendre des mesures d'urgence contre la vie chère en outre-mer dans le secteur des services,institutions_collectivites_outre_mer,"Institutions, collectivités & outre-mer"
proposition de loi visant à prendre des mesures d'urgence contre la vie chère et à réguler la concentration des acteurs économiques dans les territoires d'outre-mer,proposition de loi visant à prendre des mesures d'urgence contre la vie chère et à réguler la concentration des acteurs économiques dans les territoires d'outre-mer,institutions_collectivites_outre_mer,"Institutions, collectivités & outre-mer"
proposition de loi visant à prolonger la dérogation d'usage des titres restaurant pour tout produit alimentaire,proposition de loi visant à prolonger la dérogation d'usage des titres restaurant pour tout produit alimentaire,travail_economie_entreprises,"Travail, économie & entreprises"
proposition de loi visant à proroger la loi n° 2017-285 du 6 mars 2017 relative à l'assainissement cadastral et à la résorption du désordre de la propriété,proposition de loi visant à proroger la loi n° 2017-285 du 6 mars 2017 relative à l'assainissement cadastral et à la résorption du désordre de la propriété,logement_urbanisme,Logement & urbanisme
proposition de loi visant à proroger le dispositif d'expérimentation favorisant l'égalité des chances pour l'accès à certaines écoles de service public,proposition de loi visant à proroger le dispositif d'expérimentation favorisant l'égalité des chances pour l'accès à certaines écoles de service public,education_enfance_jeunesse,"Éducation, enfance & jeunesse"
proposition de loi visant à protéger l'alimentation des français et des françaises des contaminations au cadmium,proposition de loi visant à protéger l'alimentation des Français et des Françaises des contaminations au cadmium,agriculture_alimentation,Agriculture & alimentation
proposition de loi visant à protéger l'effectivité du droit fondamental d'éligibilité,proposition de loi visant à  protéger l'effectivité du droit fondamental d'éligibilité,vie_politique_procedure,Vie politique & procédure institutionnelle
proposition de loi visant à protéger la population des risques liés aux substances perfluoroalkylées et polyfluoroalkylées,proposition de loi visant à protéger la population des risques liés aux substances perfluoroalkylées et polyfluoroalkylées,ecologie_energie_climat,"Écologie, énergie & climat"
proposition de loi visant à protéger les enfants et à lutter contre les violences en milieu scolaire,proposition de loi visant à protéger les enfants et à lutter contre les violences en milieu scolaire,education_enfance_jeunesse,"Éducation, enfance & jeunesse"
proposition de loi visant à protéger les mineurs des risques auxquels les expose l'utilisation des réseaux sociaux,proposition de loi visant à protéger les mineurs des risques auxquels les expose l'utilisation des réseaux sociaux,numerique_medias_culture,"Numérique, médias & culture"
proposition de loi visant à protéger les mineurs isolés et à lutter contre le sans-abrisme,proposition de loi visant à protéger les mineurs isolés et à lutter contre le sans-abrisme,solidarites_droits_sociaux,Solidarités & droits sociaux
proposition de loi visant à protéger les personnes engagées dans un projet parental des discriminations au travail,proposition de loi visant à protéger les personnes engagées dans un projet parental des discriminations au travail,travail_economie_entreprises,"Travail, économie & entreprises"
proposition de loi visant à préserver les droits des victimes dont la plainte est classée sans suite,proposition de loi visant à préserver les droits des victimes dont la plainte est classée sans suite,securite_justice_ordre_public,"Sécurité, justice & ordre public"
proposition de loi visant à prévenir le mal-être et le risque suicidaire dans le monde agricole,proposition de loi visant à prévenir le mal-être et le risque suicidaire dans le monde agricole,agriculture_alimentation,Agriculture & alimentation
proposition de loi visant à prévenir les litiges relatifs aux obligations de décence énergétique et à sécuriser leur application en copropriété,proposition de loi visant à prévenir les litiges relatifs aux obligations de décence énergétique et à sécuriser leur application en copropriété,logement_urbanisme,Logement & urbanisme
proposition de loi visant à reconnaître la responsabilité de l'état et à indemniser les victimes du chlordécone,proposition de loi visant à reconnaître la responsabilité de l'État et à indemniser les victimes du chlordécone,sante_fin_de_vie,Santé & fin de vie
"proposition de loi visant à reconnaître le préjudice subi par les personnes condamnées sur le fondement de la législation pénalisant l'avortement, et par toutes les femmes, avant la loi n° 75-17 du 17 janvier 1975 relative à l'interruption volontaire de grossesse","proposition de loi visant à reconnaître le préjudice subi par les personnes condamnées sur le fondement de la législation pénalisant l'avortement, et par toutes les femmes, avant la loi n° 75-17 du 17 janvier 1975 relative à l'interruption volontaire de grossesse",solidarites_droits_sociaux,Solidarités & droits sociaux
proposition de loi visant à reconnaître les victimes de l'exposition aux essais nucléaires français et à améliorer leur indemnisation,proposition de loi visant à reconnaître les victimes de l'exposition aux essais nucléaires français et à améliorer leur indemnisation,solidarites_droits_sociaux,Solidarités & droits sociaux
proposition de loi visant à reconnaître une politique nationale d'adaptation au changement climatique et à adapter les mécanismes d'assurance,proposition de loi visant à reconnaître une politique nationale d'adaptation au changement climatique et à adapter les mécanismes d'assurance,ecologie_energie_climat,"Écologie, énergie & climat"
"proposition de loi visant à reconnaître une présomption de légitime défense pour les forces de l'ordre, dans l'exercice de leurs fonctions","proposition de loi visant à reconnaître une présomption de légitime défense pour les forces de l'ordre, dans l'exercice de leurs fonctions",securite_justice_ordre_public,"Sécurité, justice & ordre public"
proposition de loi visant à relancer les investissements dans le secteur de l'hydroélectricité pour contribuer à la transition énergétique,proposition de loi visant à relancer les investissements dans le secteur de l’hydroélectricité pour contribuer à la transition énergétique,ecologie_energie_climat,"Écologie, énergie & climat"
proposition de loi visant à rendre accessible à tous les étudiants le repas à 1 euro,proposition de loi visant à rendre accessible à tous les étudiants le repas à 1 euro,education_enfance_jeunesse,"Éducation, enfance & jeunesse"
proposition de loi visant à rendre systématique l'information du consommateur sur l'origine des denrées alimentaires par le moyen de l'étiquetage,proposition de loi visant à rendre systématique l'information du consommateur sur l'origine des denrées alimentaires par le moyen de l'étiquetage,agriculture_alimentation,Agriculture & alimentation
proposition de loi visant à renforcer l'autorité de la justice à l'égard des mineurs délinquants et de leurs parents,proposition de loi visant à renforcer l'autorité de la justice à l'égard des mineurs délinquants et de leurs parents,securite_justice_ordre_public,"Sécurité, justice & ordre public"
proposition de loi visant à renforcer l'effectivité des droits voisins des éditeurs et des agences de presse,proposition de loi visant à renforcer l'effectivité des droits voisins des éditeurs et des agences de presse,numerique_medias_culture,"Numérique, médias & culture"
proposition de loi visant à renforcer l'enseignement de la défense nationale dans le cadre du parcours de citoyenneté,proposition de loi visant à renforcer l'enseignement de la défense nationale dans le cadre du parcours de citoyenneté,defense_europe_affaires_etrangeres,"Défense, Europe & affaires étrangères"
proposition de loi visant à renforcer la démographie professionnelle des orthophonistes,proposition de loi visant à renforcer la démographie professionnelle des orthophonistes,sante_fin_de_vie,Santé & fin de vie
proposition de loi visant à renforcer la lutte contre les violences sexuelles et sexistes,proposition de loi visant à renforcer la lutte contre les violences sexuelles et sexistes,securite_justice_ordre_public,"Sécurité, justice & ordre public"
proposition de loi visant à renforcer la place des agriculteurs dans l'aménagement du territoire et à sécuriser l'exercice des activités agricoles face au changement climatique,proposition de loi visant à renforcer la place des agriculteurs dans l'aménagement du territoire et à sécuriser l'exercice des activités agricoles face au changement climatique,agriculture_alimentation,Agriculture & alimentation
proposition de loi visant à renforcer la pénalisation de l'organisation de rave-parties,proposition de loi visant à renforcer la pénalisation de l’organisation de rave-parties,securite_justice_ordre_public,"Sécurité, justice & ordre public"
proposition de loi visant à renforcer la solidarité envers les retraités pauvres,proposition de loi visant à renforcer la solidarité envers les retraités pauvres,solidarites_droits_sociaux,Solidarités & droits sociaux
proposition de loi visant à renforcer la stabilité économique et la compétitivité du secteur agroalimentaire,proposition de loi visant à renforcer la stabilité économique et la compétitivité du secteur agroalimentaire,agriculture_alimentation,Agriculture & alimentation
proposition de loi visant à renforcer la sécurité des professionnels de santé,proposition de loi visant à renforcer la sécurité des professionnels de santé,sante_fin_de_vie,Santé & fin de vie
"proposition de loi visant à renforcer la sécurité, la rétention administrative et la prévention des risques d'attentat","proposition de loi visant à renforcer la sécurité, la rétention administrative et la prévention des risques d'attentat",securite_justice_ordre_public,"Sécurité, justice & ordre public"
proposition de loi visant à renforcer le contrôle du parlement en période d'expédition des affaires courantes,proposition de loi visant à renforcer le contrôle du Parlement en période d'expédition des affaires courantes,vie_politique_procedure,Vie politique & procédure institutionnelle
"proposition de loi visant à renforcer le contrôle, la gouvernance et la responsabilité financière des opérateurs de l'etat","proposition de loi visant à renforcer le contrôle, la gouvernance et la responsabilité financière des opérateurs de l'Etat",finances_fiscalite,Finances publiques & fiscalité
proposition de loi visant à renforcer le parcours inclusif des enfants à besoins éducatifs particuliers,proposition de loi visant à renforcer le parcours inclusif des enfants à besoins éducatifs particuliers,education_enfance_jeunesse,"Éducation, enfance & jeunesse"
proposition de loi visant à renforcer les conditions d'accès à la nationalité française à mayotte,proposition de loi visant à renforcer les conditions d'accès à la nationalité française à Mayotte,institutions_collectivites_outre_mer,"Institutions, collectivités & outre-mer"
proposition de loi visant à renforcer les outils de régulation des meublés de tourisme à l'échelle locale,proposition de loi visant à renforcer les outils de régulation des meublés de tourisme à l'échelle locale,logement_urbanisme,Logement & urbanisme
proposition de loi visant à renforcer les prérogatives des officiers de l'état-civil et du ministère public pour lutter contre les mariages simulés ou arrangés,proposition de loi visant à renforcer les prérogatives des officiers de l'état-civil et du ministère public pour lutter contre les mariages simulés ou arrangés,securite_justice_ordre_public,"Sécurité, justice & ordre public"
proposition de loi visant à restaurer l'autorité de l'état,proposition de loi visant à restaurer l’autorité de l’État,securite_justice_ordre_public,"Sécurité, justice & ordre public"
proposition de loi visant à restaurer l'autorité de la justice à l'égard des mineurs délinquants et de leurs parents,proposition de loi visant à restaurer l'autorité de la justice à l'égard des mineurs délinquants et de leurs parents,securite_justice_ordre_public,"Sécurité, justice & ordre public"
proposition de loi visant à restaurer un système de retraite plus juste en annulant les dernières réformes portant sur l'âge de départ et le nombre d'annuités,proposition de loi visant à restaurer un système de retraite plus juste en annulant les dernières réformes portant sur l’âge de départ et le nombre d’annuités,solidarites_droits_sociaux,Solidarités & droits sociaux
proposition de loi visant à restreindre la vente de protoxyde d'azote aux seuls professionnels et à renforcer les actions de prévention sur les consommations détournées,proposition de loi visant à restreindre la vente de protoxyde d’azote aux seuls professionnels et à renforcer les actions de prévention sur les consommations détournées,sante_fin_de_vie,Santé & fin de vie
proposition de loi visant à réduire et à encadrer les frais bancaires sur succession,proposition de loi visant à réduire et à encadrer les frais bancaires sur succession,finances_fiscalite,Finances publiques & fiscalité
proposition de loi visant à réduire l'impact environnemental de l'industrie textile,proposition de loi visant à réduire l’impact environnemental de l’industrie textile,ecologie_energie_climat,"Écologie, énergie & climat"
proposition de loi visant à réduire les contraintes énergétiques pesant sur l'offre locative et à juguler leurs effets sur la crise du logement,proposition de loi visant à réduire les contraintes énergétiques pesant sur l’offre locative et à juguler leurs effets sur la crise du logement,logement_urbanisme,Logement & urbanisme
proposition de loi visant à réformer le mode d'élection des membres du conseil de paris et des conseils municipaux de lyon et de marseille,proposition de loi visant à réformer le mode d’élection des membres du conseil de Paris et des conseils municipaux de Lyon et de Marseille,institutions_collectivites_outre_mer,"Institutions, collectivités & outre-mer"
proposition de loi visant à réformer le mode d'élection des membres du conseil de paris et des conseils municipaux de lyon et marseille,proposition de loi visant à réformer le mode d'élection des membres du Conseil de Paris et des conseils municipaux de Lyon et Marseille,institutions_collectivites_outre_mer,"Institutions, collectivités & outre-mer"
proposition de loi visant à réformer le mode d'élection du conseil de paris et des conseils municipaux de lyon et marseille,proposition de loi visant à réformer le mode d'élection du Conseil de Paris et des conseils municipaux de Lyon et Marseille,institutions_collectivites_outre_mer,"Institutions, collectivités & outre-mer"
proposition de loi visant à réformer les bourses sur critères sociaux et à lutter contre la précarité étudiante,proposition de loi visant à réformer les bourses sur critères sociaux et à lutter contre la précarité étudiante,education_enfance_jeunesse,"Éducation, enfance & jeunesse"
proposition de loi visant à réparer les préjudices causés par la transplantation de mineurs de la réunion en france hexagonale de 1962 à 1984,proposition de loi visant à réparer les préjudices causés par la transplantation de mineurs de La Réunion en France hexagonale de 1962 à 1984,solidarites_droits_sociaux,Solidarités & droits sociaux
proposition de loi visant à simplifier la gestion de la commande publique par les acheteurs publics et les opérateurs économiques,proposition de loi visant à simplifier la gestion de la commande publique par les acheteurs publics et les opérateurs économiques,travail_economie_entreprises,"Travail, économie & entreprises"
proposition de loi visant à simplifier la sortie de l'indivision et la gestion des successions vacantes,proposition de loi visant à simplifier la sortie de l'indivision et la gestion des successions vacantes,securite_justice_ordre_public,"Sécurité, justice & ordre public"
proposition de loi visant à simplifier la sortie de l'indivison successorale,proposition de loi visant à simplifier la sortie de l'indivison successorale,securite_justice_ordre_public,"Sécurité, justice & ordre public"
proposition de loi visant à simplifier le millefeuille territorial par la collectivité unique,proposition de loi visant à simplifier le millefeuille territorial par la collectivité unique,institutions_collectivites_outre_mer,"Institutions, collectivités & outre-mer"
proposition de loi visant à sortir la france du piège du narcotrafic,proposition de loi visant à sortir la France du piège du narcotrafic,securite_justice_ordre_public,"Sécurité, justice & ordre public"
proposition de loi visant à soutenir les collectivités territoriales dans la prévention et la gestion des inondations,proposition de loi visant à soutenir les collectivités territoriales dans la prévention et la gestion des inondations,ecologie_energie_climat,"Écologie, énergie & climat"
proposition de loi visant à sécuriser le mécanisme de purge des nullités,proposition de loi visant à sécuriser le mécanisme de purge des nullités,securite_justice_ordre_public,"Sécurité, justice & ordre public"
proposition de loi visant à valoriser la réserve communale de sécurité civile,proposition de loi visant à valoriser la réserve communale de sécurité civile,securite_justice_ordre_public,"Sécurité, justice & ordre public"
proposition de loi visant à étendre à toutes les communes la compensation financière prévue pour les communes de plus de 3 500 habitants pour l'exercice de l'ensemble des compétences du service public de la petite enfance,proposition de loi visant à étendre à toutes les communes la compensation financière prévue pour les communes de plus de 3 500 habitants pour l'exercice de l'ensemble des compétences du service public de la petite enfance,education_enfance_jeunesse,"Éducation, enfance & jeunesse"
proposition de loi élargissant la possibilité pour les collectivités territoriales et leurs groupements d'avoir recours au modèle de la société portuaire pour l'exploitation de leurs ports,proposition de loi élargissant la possibilité pour les collectivités territoriales et leurs groupements d'avoir recours au modèle de la société portuaire pour l'exploitation de leurs ports,institutions_collectivites_outre_mer,"Institutions, collectivités & outre-mer"
"proposition de loi, adoptée par le sénat, pour améliorer la prise en charge de la sclérose latérale amyotrophique et d'autres maladies évolutives graves","proposition de loi, adoptée par le Sénat, pour améliorer la prise en charge de la sclérose latérale amyotrophique et d'autres maladies évolutives graves",sante_fin_de_vie,Santé & fin de vie
"proposition de loi, adoptée par le sénat, relative à l'instauration d'un nombre minimum de soignants par patient hospitalisé","proposition de loi, adoptée par le Sénat, relative à l'instauration d'un nombre minimum de soignants par patient hospitalisé",sante_fin_de_vie,Santé & fin de vie
proposition de résolution européenne appelant au renforcement du soutien à l'ukraine,proposition de résolution européenne appelant au renforcement du soutien à l'Ukraine,defense_europe_affaires_etrangeres,"Défense, Europe & affaires étrangères"
proposition de résolution européenne appelant à la libération immédiate et inconditionnelle de boualem sansal,proposition de résolution européenne appelant à la libération immédiate et inconditionnelle de Boualem Sansal,defense_europe_affaires_etrangeres,"Défense, Europe & affaires étrangères"
"proposition de résolution européenne appelant à la préservation des principes démocratiques, des libertés publiques et de l'état de droit en turquie","proposition de résolution européenne appelant à la préservation des principes démocratiques, des libertés publiques et de l’État de droit en Turquie",defense_europe_affaires_etrangeres,"Défense, Europe & affaires étrangères"
proposition de résolution européenne appelant à la régulation des réseaux sociaux face aux ingérences étrangères,proposition de résolution européenne appelant à la régulation des réseaux sociaux face aux ingérences étrangères,numerique_medias_culture,"Numérique, médias & culture"
"proposition de résolution européenne relative à l'adoption et à la mise en oeuvre d'exigences à l'importation pour le respect de normes de production équivalentes aux normes de production essentielles, en matière de santé, d'environnement, de biodiversité et de bien-être animal applicables dans l'union européenne","proposition de résolution européenne relative à l’adoption et à la mise en œuvre d’exigences à l’importation pour le respect de normes de production équivalentes aux normes de production essentielles, en matière de santé, d’environnement, de biodiversité et de bien-être animal applicables dans l’Union européenne",agriculture_alimentation,Agriculture & alimentation
"proposition de résolution européenne relative à la mise en oeuvre du protocole de l'organisation mondiale de la santé pour ""lutter contre le commerce illicite de tabac""","proposition de résolution européenne relative à la mise en oeuvre du Protocole de l'Organisation mondiale de la Santé pour ""lutter contre le commerce illicite de tabac""",sante_fin_de_vie,Santé & fin de vie
proposition de résolution européenne visant à condamner la dérive illibérale et autoritaire du gouvernement géorgien et à réaffirmer notre soutien au destin européen de la géorgie,proposition de résolution européenne visant à condamner la dérive illibérale et autoritaire du gouvernement géorgien et à réaffirmer notre soutien au destin européen de la Géorgie,defense_europe_affaires_etrangeres,"Défense, Europe & affaires étrangères"
proposition de résolution européenne visant à inscrire la mouvance des frères musulmans sur la liste européenne des organisations terroristes,proposition de résolution européenne visant à inscrire la mouvance des frères musulmans sur la liste européenne des organisations terroristes,securite_justice_ordre_public,"Sécurité, justice & ordre public"
proposition de résolution européenne visant à refuser la ratification de l'accord commercial entre l'union européenne et le mercosur,proposition de résolution européenne visant à refuser la ratification de l'accord commercial entre l'Union européenne et le Mercosur,defense_europe_affaires_etrangeres,"Défense, Europe & affaires étrangères"
proposition de résolution européenne visant à rejeter le projet d'accord sur les droits de douane et le commerce du 27 juillet 2025 entre l'union européenne et les états-unis,proposition de résolution européenne visant à rejeter le projet d’accord sur les droits de douane et le commerce du 27 juillet 2025 entre l’Union européenne et les États-Unis,defense_europe_affaires_etrangeres,"Défense, Europe & affaires étrangères"
proposition de résolution européenne visant à réaffirmer l'ambition climatique de la france au niveau européen,proposition de résolution européenne visant à réaffirmer l’ambition climatique de la France au niveau européen,ecologie_energie_climat,"Écologie, énergie & climat"
proposition de résolution européenne visant à sauvegarder et renforcer le financement en faveur de la lutte contre le virus de l'immunodéficience humaine,proposition de résolution européenne visant à sauvegarder et renforcer le financement en faveur de la lutte contre le virus de l'immunodéficience humaine,sante_fin_de_vie,Santé & fin de vie
proposition de résolution européenne visant à soutenir le danemark et le groenland et à oeuvrer en faveur d'une plus grande coopération en matière de défense,proposition de résolution européenne visant à soutenir le Danemark et le Groenland et à œuvrer en faveur d'une plus grande coopération en matière de défense,defense_europe_affaires_etrangeres,"Défense, Europe & affaires étrangères"
